{
    "parent": "item/handheld_rod",
    "textures": {
        "layer0":"item/carrot_on_a_stick"
    },
    "overrides": [
        {
            "predicate": {
                "custom_model_data": 177001
            },
            "model": "loaf:item/steelyard"
        },
        {
            "predicate": {
                "custom_model_data": 177002
            },
            "model": "loaf:item/resolvers"
        },
        {
            "predicate": {
                "custom_model_data": 177003
            },
            "model": "loaf:item/resolvers2"
        },
        {
            "predicate": {
                "custom_model_data": 177004
            },
            "model": "loaf:item/evaluator"
        },





        {
            "predicate": {
                "custom_model_data": 187001
            },
            "model": "loaf:item/treature_1"
        },
        {
            "predicate": {
                "custom_model_data": 187002
            },
            "model": "loaf:item/treature_2"
        },
        {
            "predicate": {
                "custom_model_data": 187003
            },
            "model": "loaf:item/treature_3"
        },
        {
            "predicate": {
                "custom_model_data": 187004
            },
            "model": "loaf:item/treature_4"
        },
        {
            "predicate": {
                "custom_model_data": 187005
            },
            "model": "loaf:item/treature_5"
        },
        {
            "predicate": {
                "custom_model_data": 187006
            },
            "model": "loaf:item/treature_6"
        },
        {
            "predicate": {
                "custom_model_data": 187007
            },
            "model": "loaf:item/treature_7"
        },
        {
            "predicate": {
                "custom_model_data": 187008
            },
            "model": "loaf:item/treature_8"
        },
        {
            "predicate": {
                "custom_model_data": 187009
            },
            "model": "loaf:item/treature_9"
        },
        {
            "predicate": {
                "custom_model_data": 187010
            },
            "model": "loaf:item/treature_10"
        },
        {
            "predicate": {
                "custom_model_data": 187011
            },
            "model": "loaf:item/treature_11"
        },
        {
            "predicate": {
                "custom_model_data": 187012
            },
            "model": "loaf:item/treature_12"
        },
        {
            "predicate": {
                "custom_model_data": 187013
            },
            "model": "loaf:item/treature_13"
        },
        {
            "predicate": {
                "custom_model_data": 187014
            },
            "model": "loaf:item/treature_14"
        },
        {
            "predicate": {
                "custom_model_data": 187015
            },
            "model": "loaf:item/treature_15"
        },







        {
            "predicate": {
                "custom_model_data": 197001
            },
            "model": "loaf:item/b_wooden"
        },
        {
            "predicate": {
                "custom_model_data": 197002
            },
            "model": "loaf:item/b_copper"
        },
        {
            "predicate": {
                "custom_model_data": 197003
            },
            "model": "loaf:item/b_iron"
        }

    ]
}